{"textures":{"0":"modelengine:entity/texture"},"elements":[{"from":[2.0,0.0,2.0],"to":[14.0,2.0,14.0],"faces":{"east":{"uv":[0.0,0.0,12.0,2.0],"tintindex":0,"rotation":0,"texture":"#0"},"south":{"uv":[0.0,0.0,12.0,2.0],"tintindex":0,"rotation":0,"texture":"#0"},"north":{"uv":[0.0,0.0,12.0,2.0],"tintindex":0,"rotation":0,"texture":"#0"},"west":{"uv":[0.0,0.0,12.0,2.0],"tintindex":0,"rotation":0,"texture":"#0"},"up":{"uv":[0.0,0.0,12.0,12.0],"tintindex":0,"rotation":0,"texture":"#0"},"down":{"uv":[0.0,0.0,12.0,12.0],"tintindex":0,"rotation":0,"texture":"#0"}}},{"from":[1.0,1.0,2.0],"to":[2.0,2.0,14.0],"faces":{"east":{"uv":[0.0,0.0,12.0,1.0],"tintindex":0,"rotation":0,"texture":"#0"},"south":{"uv":[0.0,0.0,1.0,1.0],"tintindex":0,"rotation":0,"texture":"#0"},"north":{"uv":[0.0,0.0,1.0,1.0],"tintindex":0,"rotation":0,"texture":"#0"},"west":{"uv":[0.0,0.0,12.0,1.0],"tintindex":0,"rotation":0,"texture":"#0"},"up":{"uv":[0.0,0.0,1.0,12.0],"tintindex":0,"rotation":0,"texture":"#0"},"down":{"uv":[0.0,0.0,1.0,12.0],"tintindex":0,"rotation":0,"texture":"#0"}}},{"from":[2.0,1.0,1.0],"to":[14.0,2.0,2.0],"faces":{"east":{"uv":[0.0,0.0,1.0,1.0],"tintindex":0,"rotation":0,"texture":"#0"},"south":{"uv":[0.0,0.0,12.0,1.0],"tintindex":0,"rotation":0,"texture":"#0"},"north":{"uv":[0.0,0.0,12.0,1.0],"tintindex":0,"rotation":0,"texture":"#0"},"west":{"uv":[0.0,0.0,1.0,1.0],"tintindex":0,"rotation":0,"texture":"#0"},"up":{"uv":[0.0,0.0,12.0,1.0],"tintindex":0,"rotation":0,"texture":"#0"},"down":{"uv":[0.0,0.0,12.0,1.0],"tintindex":0,"rotation":0,"texture":"#0"}}},{"from":[2.0,1.0,14.0],"to":[14.0,2.0,15.0],"faces":{"east":{"uv":[0.0,0.0,1.0,1.0],"tintindex":0,"rotation":0,"texture":"#0"},"south":{"uv":[0.0,0.0,12.0,1.0],"tintindex":0,"rotation":0,"texture":"#0"},"north":{"uv":[0.0,0.0,12.0,1.0],"tintindex":0,"rotation":0,"texture":"#0"},"west":{"uv":[0.0,0.0,1.0,1.0],"tintindex":0,"rotation":0,"texture":"#0"},"up":{"uv":[0.0,0.0,12.0,1.0],"tintindex":0,"rotation":0,"texture":"#0"},"down":{"uv":[0.0,0.0,12.0,1.0],"tintindex":0,"rotation":0,"texture":"#0"}}},{"from":[14.0,1.0,2.0],"to":[15.0,2.0,14.0],"faces":{"east":{"uv":[0.0,0.0,12.0,1.0],"tintindex":0,"rotation":0,"texture":"#0"},"south":{"uv":[0.0,0.0,1.0,1.0],"tintindex":0,"rotation":0,"texture":"#0"},"north":{"uv":[0.0,0.0,1.0,1.0],"tintindex":0,"rotation":0,"texture":"#0"},"west":{"uv":[0.0,0.0,12.0,1.0],"tintindex":0,"rotation":0,"texture":"#0"},"up":{"uv":[0.0,0.0,1.0,12.0],"tintindex":0,"rotation":0,"texture":"#0"},"down":{"uv":[0.0,0.0,1.0,12.0],"tintindex":0,"rotation":0,"texture":"#0"}}}],"display":{"gui":{"rotation":[30,225,0]}}}