{"textures":{"0":"modelengine:entity/texture"},"elements":[{"from":[1.0,2.0,1.0],"to":[15.0,9.0,15.0],"faces":{"east":{"uv":[14.0,7.0,28.0,14.0],"tintindex":0,"rotation":0,"texture":"#0"},"south":{"uv":[14.0,14.0,28.0,21.0],"tintindex":0,"rotation":0,"texture":"#0"},"north":{"uv":[14.0,0.0,28.0,7.0],"tintindex":0,"rotation":0,"texture":"#0"},"west":{"uv":[14.0,21.0,28.0,28.0],"tintindex":0,"rotation":0,"texture":"#0"},"up":{"uv":[14.0,14.0,0.0,0.0],"tintindex":0,"rotation":0,"texture":"#0"},"down":{"uv":[14.0,14.0,0.0,28.0],"tintindex":0,"rotation":0,"texture":"#0"}}}],"display":{"gui":{"rotation":[30,225,0]}}}