{
	"format_version": "1.9.0",
	"credit": "Made with Blockbench",
	"textures": {
		"0": "block/texture",
		"1": "block/handle",
		"particle": "block/texture"
	},
	"elements": [
		{
			"from": [0, 0, -1],
			"to": [16, 0, 16],
			"rotation": {"angle": 0, "axis": "y", "origin": [8, 0, 7]},
			"faces": {
				"north": {"uv": [0, 4.75, 4, 5.25], "texture": "#0"},
				"east": {"uv": [0, 4.25, 4.25, 4.75], "texture": "#0"},
				"south": {"uv": [4, 4.75, 8, 5.25], "texture": "#0"},
				"west": {"uv": [4.25, 4.25, 8.5, 4.75], "texture": "#0"},
				"up": {"uv": [4, 4.25, 0, 0], "texture": "#0"},
				"down": {"uv": [8, 0, 4, 4.25], "texture": "#0"}
			}
		},
		{
			"from": [14, 0, -1],
			"to": [16, 9, 16],
			"rotation": {"angle": 0, "axis": "y", "origin": [15, 0, 7]},
			"faces": {
				"north": {"uv": [0, 0, 4, 4], "texture": "#0"},
				"east": {"uv": [0, 0, 16, 16], "texture": "#0"},
				"south": {"uv": [0, 0, 16, 16], "texture": "#0"},
				"west": {"uv": [0, 0, 16, 16], "texture": "#0"},
				"up": {"uv": [0, 0, 16, 16], "texture": "#0"},
				"down": {"uv": [0, 0, 16, 16], "texture": "#0"}
			}
		},
		{
			"from": [0, 0, -1],
			"to": [2, 9, 16],
			"rotation": {"angle": 0, "axis": "y", "origin": [1, 0, 7]},
			"faces": {
				"north": {"uv": [0, 0, 4, 4], "texture": "#0"},
				"east": {"uv": [0, 0, 16, 16], "texture": "#0"},
				"south": {"uv": [0, 0, 16, 16], "texture": "#0"},
				"west": {"uv": [0, 0, 16, 16], "texture": "#0"},
				"up": {"uv": [0, 0, 16, 16], "texture": "#0"},
				"down": {"uv": [0, 0, 16, 16], "texture": "#0"}
			}
		},
		{
			"from": [2, 0, -1],
			"to": [14, 9, 1],
			"rotation": {"angle": 0, "axis": "y", "origin": [8, 0, 0]},
			"faces": {
				"north": {"uv": [3.5, 1, 9.5, 4.5], "texture": "#0"},
				"east": {"uv": [6, 2, 7, 5.5], "texture": "#0"},
				"south": {"uv": [0, 3.5, 6, 7], "texture": "#0"},
				"west": {"uv": [6, 5.5, 7, 9], "texture": "#0"},
				"up": {"uv": [12, 1, 6, 0], "texture": "#0"},
				"down": {"uv": [12, 1, 6, 2], "texture": "#0"}
			}
		},
		{
			"from": [2, 0, 14],
			"to": [14, 9, 16],
			"rotation": {"angle": 0, "axis": "y", "origin": [8, 0, 15]},
			"faces": {
				"north": {"uv": [0, 3.5, 6, 8], "texture": "#0"},
				"east": {"uv": [6, 2, 7, 6.5], "texture": "#0"},
				"south": {"uv": [4, 3, 10, 7.5], "texture": "#0"},
				"west": {"uv": [6, 6.5, 7, 11], "texture": "#0"},
				"up": {"uv": [12, 1, 6, 0], "texture": "#0"},
				"down": {"uv": [12, 1, 6, 2], "texture": "#0"}
			}
		},
		{
			"from": [18, 6, 5],
			"to": [20, 8, 10],
			"rotation": {"angle": 0, "axis": "y", "origin": [19, 6, 5]},
			"faces": {
				"north": {"uv": [4, 4, 4, 4], "texture": "#1"},
				"east": {"uv": [0, 0, 5, 2], "texture": "#1"},
				"south": {"uv": [5, 0, 7, 2], "texture": "#1"},
				"west": {"uv": [0, 2, 5, 4], "texture": "#1"},
				"up": {"uv": [2, 9, 0, 4], "texture": "#1"},
				"down": {"uv": [4, 4, 2, 9], "texture": "#1"}
			}
		},
		{
			"from": [16, 6, 3],
			"to": [20, 8, 5],
			"rotation": {"angle": 0, "axis": "y", "origin": [19, 6, 4]},
			"faces": {
				"north": {"uv": [0, 0, 4, 2], "texture": "#1"},
				"east": {"uv": [0, 0, 2, 2], "texture": "#1"},
				"south": {"uv": [0, 0, 4, 2], "texture": "#1"},
				"west": {"uv": [0, 0, 2, 2], "texture": "#1"},
				"up": {"uv": [0, 0, 2, 4], "rotation": 90, "texture": "#1"},
				"down": {"uv": [0, 0, 2, 4], "rotation": 270, "texture": "#1"}
			}
		},
		{
			"from": [16, 6, 10],
			"to": [20, 8, 12],
			"rotation": {"angle": 0, "axis": "y", "origin": [19, 6, 11]},
			"faces": {
				"north": {"uv": [0, 0, 4, 2], "texture": "#1"},
				"east": {"uv": [0, 0, 2, 2], "texture": "#1"},
				"south": {"uv": [0, 0, 4, 2], "texture": "#1"},
				"west": {"uv": [0, 0, 2, 2], "texture": "#1"},
				"up": {"uv": [24, 48, 26, 52], "rotation": 90, "texture": "#1"},
				"down": {"uv": [0, 0, 2, 4], "rotation": 270, "texture": "#1"}
			}
		},
		{
			"from": [-4, 6, 3],
			"to": [0, 8, 5],
			"rotation": {"angle": 0, "axis": "y", "origin": [-1, 6, 4]},
			"faces": {
				"north": {"uv": [0, 0, 4, 2], "texture": "#1"},
				"east": {"uv": [0, 0, 2, 2], "texture": "#1"},
				"south": {"uv": [0, 0, 4, 2], "texture": "#1"},
				"west": {"uv": [0, 0, 2, 2], "texture": "#1"},
				"up": {"uv": [0, 0, 2, 4], "rotation": 90, "texture": "#1"},
				"down": {"uv": [0, 0, 2, 4], "rotation": 270, "texture": "#1"}
			}
		},
		{
			"from": [-4, 6, 10],
			"to": [0, 8, 12],
			"rotation": {"angle": 0, "axis": "y", "origin": [-1, 6, 11]},
			"faces": {
				"north": {"uv": [0, 0, 4, 2], "texture": "#1"},
				"east": {"uv": [0, 0, 2, 2], "texture": "#1"},
				"south": {"uv": [0, 0, 4, 2], "texture": "#1"},
				"west": {"uv": [0, 0, 2, 2], "texture": "#1"},
				"up": {"uv": [0, 0, 2, 4], "rotation": 90, "texture": "#1"},
				"down": {"uv": [0, 0, 2, 4], "rotation": 270, "texture": "#1"}
			}
		},
		{
			"from": [-4, 6, 5],
			"to": [-2, 8, 10],
			"rotation": {"angle": 0, "axis": "y", "origin": [-3, 6, 5]},
			"faces": {
				"north": {"uv": [4, 4, 6, 6], "texture": "#1"},
				"east": {"uv": [0, 0, 5, 2], "texture": "#1"},
				"south": {"uv": [5, 0, 7, 2], "texture": "#1"},
				"west": {"uv": [0, 2, 5, 4], "texture": "#1"},
				"up": {"uv": [2, 9, 0, 4], "texture": "#1"},
				"down": {"uv": [4, 4, 2, 9], "texture": "#1"}
			}
		},
		{
			"from": [14, 9, -2],
			"to": [30, 11, 15],
			"rotation": {"angle": -45, "axis": "y", "origin": [21, 9, -2]},
			"faces": {
				"north": {"uv": [0, 0, 16, 2], "texture": "#0"},
				"east": {"uv": [0, 0, 16, 2], "texture": "#0"},
				"south": {"uv": [0, 0, 16, 2], "texture": "#0"},
				"west": {"uv": [0, 0, 16, 2], "texture": "#0"},
				"up": {"uv": [0, 0, 16, 16], "texture": "#0"},
				"down": {"uv": [0, 0, 16, 16], "texture": "#0"}
			}
		},
		{
			"from": [16, 11, 3],
			"to": [18, 13, 5],
			"rotation": {"angle": -45, "axis": "y", "origin": [16, 11, 3]},
			"faces": {
				"north": {"uv": [0, 0, 2, 2], "texture": "#0"},
				"east": {"uv": [0, 0, 2, 2], "texture": "#0"},
				"south": {"uv": [0, 0, 2, 2], "texture": "#0"},
				"west": {"uv": [0, 0, 2, 2], "texture": "#0"},
				"up": {"uv": [0, 0, 2, 2], "texture": "#0"},
				"down": {"uv": [0, 0, 2, 2], "texture": "#0"}
			}
		}
	],
	"display": {
		"thirdperson_righthand": {
			"rotation": [146.95, -25.88, -151.4],
			"translation": [1.25, 0, -5],
			"scale": [0.57, 0.57, 0.57]
		},
		"thirdperson_lefthand": {
			"rotation": [146.95, -25.88, -151.4],
			"translation": [1.25, 0, -5],
			"scale": [0.57, 0.57, 0.57]
		},
		"ground": {
			"translation": [0, 5, 0],
			"scale": [0.75, 0.75, 0.75]
		}
	},
	"groups": [
		{
			"name": "body",
			"origin": [0, 0, 0],
			"color": 0,
			"children": [0, 1, 2, 3, 4]
		},
		{
			"name": "handle",
			"origin": [0, 0, 0],
			"color": 0,
			"children": [5, 6, 7, 8, 9, 10]
		},
		{
			"name": "plate",
			"origin": [8, 8, 8],
			"color": 0,
			"children": [11, 12]
		}
	]
}