{
  "providers": [
    {
      "file": "minecraft:font/space.png",
      "type": "bitmap",
      "chars": [
        "\uEBBB"
      ],
      "ascent": -32768,
      "height": -10
    },
    {
      "file": "minecraft:font/cook.png",
      "type": "bitmap",
      "chars": [
        "\uEAAA"
      ],
      "ascent": 13,
      "height": 256
    },
    {
      "file": "minecraft:font/stat.png",
      "type": "bitmap",
      "chars": [
        "\uEABC"
      ],
      "ascent": 13,
      "height": 256
    }
  ]
}